cc2e0c,172.20.0.1,GET,http://0.0.0.0:8090/admin/config/offer/adminsettings?check_logged_in=1,1719992789,cc2e0c,200,request
4aeaf1,172.20.0.1,GET,http://0.0.0.0:8090/admin/config/offer/adminsettings?check_logged_in=1,1719992789,cc2e0c,200,request
e5f8e9,172.20.0.1,GET,http://0.0.0.0:8090/admin/config/offer/adminsettings?check_logged_in=1,1719992789,cc2e0c,200,request
e24cfc,172.20.0.1,GET,http://0.0.0.0:8090/admin/config/offer/adminsettings?check_logged_in=1,1719992789,cc2e0c,200,request
136029,172.20.0.1,GET,http://0.0.0.0:8090/admin/config/offer/adminsettings?check_logged_in=1,1719992789,cc2e0c,200,request
ad33c1,172.20.0.1,GET,http://0.0.0.0:8090/admin/config/offer/adminsettings?check_logged_in=1,1719992789,cc2e0c,200,request
48813e,172.20.0.1,GET,http://0.0.0.0:8090/admin/config/offer/adminsettings?check_logged_in=1,1719992789,cc2e0c,200,request
d8b084,172.20.0.1,GET,http://0.0.0.0:8090/admin/config/offer/adminsettings?check_logged_in=1,1719992789,cc2e0c,200,request
30be0b,172.20.0.1,GET,http://0.0.0.0:8090/admin/config/offer/adminsettings?check_logged_in=1,1719992789,cc2e0c,200,request
2b6b24,172.20.0.1,GET,http://0.0.0.0:8090/admin/config/offer/adminsettings?check_logged_in=1,1719992789,cc2e0c,200,request
757849,172.20.0.1,GET,http://0.0.0.0:8090/admin/config/offer/adminsettings?check_logged_in=1,1719992789,cc2e0c,200,request
cfb562,172.20.0.1,GET,http://0.0.0.0:8090/admin/content,1719992801,cfb562,200,request
e368b7,172.20.0.1,GET,http://0.0.0.0:8090/admin/content,1719992801,cfb562,200,request
1f8754,172.20.0.1,GET,http://0.0.0.0:8090/admin/content,1719992801,cfb562,200,request
64203c,172.20.0.1,GET,http://0.0.0.0:8090/admin/content,1719992801,cfb562,200,request
195a85,172.20.0.1,GET,http://0.0.0.0:8090/admin/content,1719992801,cfb562,200,request
e30b6f,172.20.0.1,GET,http://0.0.0.0:8090/admin/content,1719992801,cfb562,200,request
c67255,172.20.0.1,GET,http://0.0.0.0:8090/admin/content,1719992801,cfb562,200,request
1ba78a,172.20.0.1,GET,http://0.0.0.0:8090/admin/content,1719992801,cfb562,200,request
f0d708,172.20.0.1,GET,http://0.0.0.0:8090/admin/content,1719992801,cfb562,200,request
7de263,172.20.0.1,GET,http://0.0.0.0:8090/admin/content,1719992801,cfb562,200,request
